,Country Name,Year,Value
0,Albania,1985,7.0262398720000006
1,Argentina,1985,35.64609909
2,Australia,1985,27.78528023
3,Austria,1985,25.56060982
4,"Bahamas, The",1985,15.00415993
5,Bahrain,1985,12.16149998
6,Bangladesh,1985,4.9826898569999996
7,Barbados,1985,19.36499977
8,Belarus,1985,43.7447319
9,Belgium,1985,30.95516014
10,Benin,1985,1.9843000169999998
11,Botswana,1985,1.832229972
12,Bulgaria,1985,17.06952095
13,Burkina Faso,1985,0.593140006
14,Burundi,1985,0.593039989
15,Cambodia,1985,0.251659989
16,Cameroon,1985,2.080169916
17,Central African Republic,1985,1.1159800290000002
18,Chad,1985,0.391099989
19,Chile,1985,15.9152298
20,China,1985,2.4754700659999997
21,Colombia,1985,11.07277012
22,"Congo, Dem. Rep.",1985,1.4422899480000002
23,"Congo, Rep.",1985,5.8091301920000005
24,Costa Rica,1985,21.90788078
25,Cote d'Ivoire,1985,2.434200048
26,Cuba,1985,18.05867958
27,Cyprus,1985,3.9642300610000003
28,Czech Republic,1985,16.32967949
29,Denmark,1985,28.83612061
30,Dominica,1985,0.712930024
31,Ecuador,1985,31.73006058
32,"Egypt, Arab Rep.",1985,18.66448021
33,El Salvador,1985,15.71860027
34,Fiji,1985,3.131180048
35,Finland,1985,31.96208
36,France,1985,29.02795982
37,Greece,1985,22.76400948
38,Guatemala,1985,6.7785801889999995
39,Guinea,1985,2.449500084
40,Guyana,1985,2.70133996
41,Honduras,1985,8.715310097
42,Hungary,1985,16.04810905
43,Iceland,1985,20.89934921
44,India,1985,5.8495101929999995
45,Indonesia,1985,6.1451301570000005
46,Iraq,1985,10.36392975
47,Ireland,1985,21.37178993
48,Italy,1985,25.79003906
49,Japan,1985,29.02973938
50,Jordan,1985,20.37988091
51,Kenya,1985,1.277920008
52,"Korea, Rep.",1985,31.58513069
53,Kuwait,1985,15.03003025
54,Lao PDR,1985,1.4599299430000001
55,Latvia,1985,23.54714966
56,Lebanon,1985,26.34833908
57,Lesotho,1985,1.279989958
58,Libya,1985,9.513170242000001
59,Luxembourg,1985,2.874880075
60,"Macedonia, FYR",1985,22.84127045
61,Madagascar,1985,4.094530106000001
62,Malawi,1985,0.46560999799999997
63,Malaysia,1985,5.596720219
64,Mali,1985,1.101250052
65,Malta,1985,5.172480106
66,Mauritania,1985,1.682209969
67,Mauritius,1985,1.065299988
68,Mongolia,1985,23.75942039
69,Mozambique,1985,0.121799998
70,Myanmar,1985,4.794370174
71,Nepal,1985,3.424000025
72,Netherlands,1985,30.61758041
73,New Zealand,1985,32.12837982
74,Nicaragua,1985,8.31637001
75,Niger,1985,0.553749979
76,Nigeria,1985,3.389139891
77,Norway,1985,29.8101902
78,Oman,1985,0.316020012
79,Panama,1985,24.29512978
80,Papua New Guinea,1985,1.512269974
81,Paraguay,1985,9.115880013
82,Peru,1985,22.03988075
83,Philippines,1985,27.75008011
84,Poland,1985,16.26024055
85,Portugal,1985,13.8476696
86,Qatar,1985,16.78953934
87,Romania,1985,11.73655033
88,Russian Federation,1985,
89,Rwanda,1985,
90,Saudi Arabia,1985,
91,Senegal,1985,
92,Sierra Leone,1985,
93,Slovenia,1985,
94,Spain,1985,
95,Sri Lanka,1985,
96,St. Kitts and Nevis,1985,
97,St. Lucia,1985,
98,Suriname,1985,
99,Swaziland,1985,
100,Sweden,1985,
101,Switzerland,1985,
102,Syrian Arab Republic,1985,
103,Tanzania,1985,
104,Thailand,1985,
105,Tonga,1985,
106,Trinidad and Tobago,1985,
107,Tunisia,1985,
108,Turkey,1985,
109,Uganda,1985,
110,Ukraine,1985,
111,United Arab Emirates,1985,
112,United Kingdom,1985,
113,United States,1985,
114,"Venezuela, RB",1985,
115,Zimbabwe,1985,
116,Albania,1986,7.221590042000001
117,Argentina,1986,37.51216888
118,Australia,1986,29.35474014
119,Austria,1986,26.74003983
120,"Bahamas, The",1986,17.45377922
121,Bahrain,1986,12.71714973
122,Bangladesh,1986,4.843900204
123,Barbados,1986,
124,Belarus,1986,44.74734879
125,Belgium,1986,31.76913071
126,Benin,1986,2.377569914
127,Botswana,1986,2.186749935
128,Bulgaria,1986,18.73819923
129,Burkina Faso,1986,0.611819983
130,Burundi,1986,0.6470599770000001
131,Cambodia,1986,0.273279995
132,Cameroon,1986,
133,Central African Republic,1986,1.138910055
134,Chad,1986,
135,Chile,1986,17.02347946
136,China,1986,3.0168399810000004
137,Colombia,1986,11.64251041
138,"Congo, Dem. Rep.",1986,1.4813599590000002
139,"Congo, Rep.",1986,5.7319102289999995
140,Costa Rica,1986,22.87523079
141,Cote d'Ivoire,1986,
142,Cuba,1986,19.9155407
143,Cyprus,1986,4.834849834
144,Czech Republic,1986,16.15712929
145,Denmark,1986,29.111919399999994
146,Dominica,1986,
147,Ecuador,1986,
148,"Egypt, Arab Rep.",1986,18.61828995
149,El Salvador,1986,16.214700699999998
150,Fiji,1986,3.060499907
151,Finland,1986,34.10874176
152,France,1986,29.57323074
153,Greece,1986,24.19643021
154,Guatemala,1986,7.086140156
155,Guinea,1986,1.980970025
156,Guyana,1986,2.76631999
157,Honduras,1986,
158,Hungary,1986,16.10758018
159,Iceland,1986,21.32345963
160,India,1986,6.005340099
161,Indonesia,1986,6.396160126
162,Iraq,1986,11.40898037
163,Ireland,1986,22.63466072
164,Italy,1986,25.60576057
165,Japan,1986,28.01094055
166,Jordan,1986,19.38841057
167,Kenya,1986,
168,"Korea, Rep.",1986,34.10005188
169,Kuwait,1986,15.87230968
170,Lao PDR,1986,1.46923995
171,Latvia,1986,23.16786957
172,Lebanon,1986,29.97726059
173,Lesotho,1986,1.316310048
174,Libya,1986,
175,Luxembourg,1986,2.6026101109999997
176,"Macedonia, FYR",1986,21.86186028
177,Madagascar,1986,4.032000065
178,Malawi,1986,0.457269996
179,Malaysia,1986,6.532690047999999
180,Mali,1986,0.984799981
181,Malta,1986,5.684539795
182,Mauritania,1986,2.620079994
183,Mauritius,1986,0.993600011
184,Mongolia,1986,23.48467064
185,Mozambique,1986,
186,Myanmar,1986,4.440480232
187,Nepal,1986,4.808889866
188,Netherlands,1986,31.59052086
189,New Zealand,1986,34.85385895
190,Nicaragua,1986,7.5269498829999995
191,Niger,1986,
192,Nigeria,1986,3.547130108
193,Norway,1986,29.629049300000002
194,Oman,1986,0.826240003
195,Panama,1986,26.69705009
196,Papua New Guinea,1986,1.859009981
197,Paraguay,1986,8.770350456000001
198,Peru,1986,25.30493927
199,Philippines,1986,24.64109993
200,Poland,1986,16.88377953
201,Portugal,1986,12.85820007
202,Qatar,1986,18.53624916
203,Romania,1986,10.89381981
204,Russian Federation,1986,
205,Rwanda,1986,
206,Saudi Arabia,1986,
207,Senegal,1986,
208,Sierra Leone,1986,
209,Slovenia,1986,
210,Spain,1986,
211,Sri Lanka,1986,
212,St. Kitts and Nevis,1986,
213,St. Lucia,1986,
214,Suriname,1986,
215,Swaziland,1986,
216,Sweden,1986,
217,Switzerland,1986,
218,Syrian Arab Republic,1986,
219,Tanzania,1986,
220,Thailand,1986,
221,Tonga,1986,
222,Trinidad and Tobago,1986,
223,Tunisia,1986,
224,Turkey,1986,
225,Uganda,1986,
226,Ukraine,1986,
227,United Arab Emirates,1986,
228,United Kingdom,1986,
229,United States,1986,
230,"Venezuela, RB",1986,
231,Zimbabwe,1986,
232,Albania,1987,7.327420235
233,Argentina,1987,39.27062988
234,Australia,1987,29.497249600000004
235,Austria,1987,27.85111046
236,"Bahamas, The",1987,19.36623955
237,Bahrain,1987,9.544130325
238,Bangladesh,1987,4.190859795
239,Barbados,1987,
240,Belarus,1987,45.76441956
241,Belgium,1987,33.19422913
242,Benin,1987,2.25545001
243,Botswana,1987,2.437259912
244,Bulgaria,1987,20.78952026
245,Burkina Faso,1987,0.63894999
246,Burundi,1987,0.628679991
247,Cambodia,1987,
248,Cameroon,1987,2.344899893
249,Central African Republic,1987,1.033740044
250,Chad,1987,
251,Chile,1987,17.64481926
252,China,1987,3.157269955
253,Colombia,1987,12.04423046
254,"Congo, Dem. Rep.",1987,1.6141899819999999
255,"Congo, Rep.",1987,5.707709789
256,Costa Rica,1987,24.73472023
257,Cote d'Ivoire,1987,2.682529926
258,Cuba,1987,21.9482193
259,Cyprus,1987,5.429480076
260,Czech Republic,1987,16.46445084
261,Denmark,1987,29.63172913
262,Dominica,1987,
263,Ecuador,1987,
264,"Egypt, Arab Rep.",1987,18.79256058
265,El Salvador,1987,
266,Fiji,1987,
267,Finland,1987,36.08156967
268,France,1987,29.97680092
269,Greece,1987,25.95046997
270,Guatemala,1987,
271,Guinea,1987,1.49406004
272,Guyana,1987,
273,Honduras,1987,8.33728981
274,Hungary,1987,15.67918968
275,Iceland,1987,21.58485985
276,India,1987,6.346849917999999
277,Indonesia,1987,7.589809895
278,Iraq,1987,10.87320995
279,Ireland,1987,24.24700928
280,Italy,1987,24.83555031
281,Japan,1987,28.48558998
282,Jordan,1987,20.89950943
283,Kenya,1987,1.4614599940000002
284,"Korea, Rep.",1987,35.24647903
285,Kuwait,1987,15.89227962
286,Lao PDR,1987,
287,Latvia,1987,23.09608078
288,Lebanon,1987,32.118640899999995
289,Lesotho,1987,1.531579971
290,Libya,1987,
291,Luxembourg,1987,2.438940048
292,"Macedonia, FYR",1987,20.34148026
293,Madagascar,1987,3.582299948
294,Malawi,1987,0.462269992
295,Malaysia,1987,7.135970116
296,Mali,1987,0.7992399929999999
297,Malta,1987,5.780970097000001
298,Mauritania,1987,3.035860062
299,Mauritius,1987,1.406679988
300,Mongolia,1987,22.67358971
301,Mozambique,1987,0.20387999699999998
302,Myanmar,1987,6.228219986
303,Nepal,1987,5.000070095
304,Netherlands,1987,31.10819054
305,New Zealand,1987,36.47322083
306,Nicaragua,1987,7.383269787000001
307,Niger,1987,0.573210001
308,Nigeria,1987,3.481280088
309,Norway,1987,32.05004883
310,Oman,1987,1.702870011
311,Panama,1987,23.38779068
312,Papua New Guinea,1987,
313,Paraguay,1987,8.251070022999999
314,Peru,1987,26.46632004
315,Philippines,1987,23.37438011
316,Poland,1987,17.40545082
317,Portugal,1987,16.29096985
318,Qatar,1987,17.96931076
319,Romania,1987,9.914259911
320,Russian Federation,1987,
321,Rwanda,1987,
322,Saudi Arabia,1987,
323,Senegal,1987,
324,Sierra Leone,1987,
325,Slovenia,1987,
326,Spain,1987,
327,Sri Lanka,1987,
328,St. Kitts and Nevis,1987,
329,St. Lucia,1987,
330,Suriname,1987,
331,Swaziland,1987,
332,Sweden,1987,
333,Switzerland,1987,
334,Syrian Arab Republic,1987,
335,Tanzania,1987,
336,Thailand,1987,
337,Tonga,1987,
338,Trinidad and Tobago,1987,
339,Tunisia,1987,
340,Turkey,1987,
341,Uganda,1987,
342,Ukraine,1987,
343,United Arab Emirates,1987,
344,United Kingdom,1987,
345,United States,1987,
346,"Venezuela, RB",1987,
347,Zimbabwe,1987,
348,Albania,1988,7.738810062000001
349,Argentina,1988,
350,Australia,1988,31.27886963
351,Austria,1988,29.40320969
352,"Bahamas, The",1988,20.94272041
353,Bahrain,1988,13.29312992
354,Bangladesh,1988,3.600169897
355,Barbados,1988,
356,Belarus,1988,46.70534134
357,Belgium,1988,34.3397789
358,Benin,1988,2.188829899
359,Botswana,1988,
360,Bulgaria,1988,22.58201027
361,Burkina Faso,1988,0.678569973
362,Burundi,1988,0.742799997
363,Cambodia,1988,
364,Cameroon,1988,2.513639927
365,Central African Republic,1988,1.1417200570000001
366,Chad,1988,
367,Chile,1988,18.404199600000002
368,China,1988,3.12477994
369,Colombia,1988,12.71378994
370,"Congo, Dem. Rep.",1988,1.812469959
371,"Congo, Rep.",1988,6.035620213
372,Costa Rica,1988,24.73263931
373,Cote d'Ivoire,1988,
374,Cuba,1988,22.65875053
375,Cyprus,1988,6.7550997729999995
376,Czech Republic,1988,16.4979496
377,Denmark,1988,30.61252022
378,Dominica,1988,
379,Ecuador,1988,28.2625103
380,"Egypt, Arab Rep.",1988,18.46659088
381,El Salvador,1988,16.37812042
382,Fiji,1988,
383,Finland,1988,38.13050079
384,France,1988,30.93821907
385,Greece,1988,24.53198051
386,Guatemala,1988,
387,Guinea,1988,1.284980059
388,Guyana,1988,4.464449883
389,Honduras,1988,9.294389725
390,Hungary,1988,15.28649998
391,Iceland,1988,21.774190899999997
392,India,1988,5.5446200370000005
393,Indonesia,1988,6.863800049
394,Iraq,1988,11.16154957
395,Ireland,1988,25.63986015
396,Italy,1988,26.48111916
397,Japan,1988,29.24832916
398,Jordan,1988,18.54803085
399,Kenya,1988,
400,"Korea, Rep.",1988,35.70053101
401,Kuwait,1988,15.75866032
402,Lao PDR,1988,1.363309979
403,Latvia,1988,23.56458092
404,Lebanon,1988,
405,Lesotho,1988,1.6246800419999998
406,Libya,1988,
407,Luxembourg,1988,
408,"Macedonia, FYR",1988,19.41437912
409,Madagascar,1988,3.5918600560000002
410,Malawi,1988,0.441709995
411,Malaysia,1988,7.215149879
412,Mali,1988,
413,Malta,1988,5.929359913
414,Mauritania,1988,2.974849939
415,Mauritius,1988,1.855599999
416,Mongolia,1988,22.21582031
417,Mozambique,1988,
418,Myanmar,1988,5.276450157
419,Nepal,1988,5.585730076
420,Netherlands,1988,32.27363968
421,New Zealand,1988,40.09994125
422,Nicaragua,1988,
423,Niger,1988,
424,Nigeria,1988,3.854150057
425,Norway,1988,32.29005814
426,Oman,1988,2.534159899
427,Panama,1988,21.25242996
428,Papua New Guinea,1988,
429,Paraguay,1988,8.125479698
430,Peru,1988,28.18749046
431,Philippines,1988,24.64933014
432,Poland,1988,18.19570923
433,Portugal,1988,
434,Qatar,1988,17.66435051
435,Romania,1988,9.044019699
436,Russian Federation,1988,
437,Rwanda,1988,
438,Saudi Arabia,1988,
439,Senegal,1988,
440,Sierra Leone,1988,
441,Slovenia,1988,
442,Spain,1988,
443,Sri Lanka,1988,
444,St. Kitts and Nevis,1988,
445,St. Lucia,1988,
446,Suriname,1988,
447,Swaziland,1988,
448,Sweden,1988,
449,Switzerland,1988,
450,Syrian Arab Republic,1988,
451,Tanzania,1988,
452,Thailand,1988,
453,Tonga,1988,
454,Trinidad and Tobago,1988,
455,Tunisia,1988,
456,Turkey,1988,
457,Uganda,1988,
458,Ukraine,1988,
459,United Arab Emirates,1988,
460,United Kingdom,1988,
461,United States,1988,
462,"Venezuela, RB",1988,
463,Zimbabwe,1988,
464,Albania,1989,8.149889946
465,Argentina,1989,
466,Australia,1989,32.40879822
467,Austria,1989,30.62068939
468,"Bahamas, The",1989,
469,Bahrain,1989,
470,Bangladesh,1989,3.5609300139999998
471,Barbados,1989,16.81125069
472,Belarus,1989,47.33892059
473,Belgium,1989,36.04117966
474,Benin,1989,2.328530073
475,Botswana,1989,
476,Bulgaria,1989,25.04838943
477,Burkina Faso,1989,0.7544299959999999
478,Burundi,1989,0.742540002
479,Cambodia,1989,0.604759991
480,Cameroon,1989,2.504920006
481,Central African Republic,1989,1.251139998
482,Chad,1989,0.63924998
483,Chile,1989,
484,China,1989,3.0324299339999996
485,Colombia,1989,13.32588959
486,"Congo, Dem. Rep.",1989,2.0467500690000002
487,"Congo, Rep.",1989,4.992300033999999
488,Costa Rica,1989,26.40582085
489,Cote d'Ivoire,1989,
490,Cuba,1989,21.76705933
491,Cyprus,1989,7.934470177000001
492,Czech Republic,1989,16.31851959
493,Denmark,1989,31.87900925
494,Dominica,1989,0.84179002
495,Ecuador,1989,24.79635048
496,"Egypt, Arab Rep.",1989,15.90765953
497,El Salvador,1989,16.89248085
498,Fiji,1989,5.142670155
499,Finland,1989,41.01773071
500,France,1989,34.42588043
501,Greece,1989,24.16452026
502,Guatemala,1989,
503,Guinea,1989,1.3210300209999999
504,Guyana,1989,
505,Honduras,1989,9.276200294
506,Hungary,1989,14.83152962
507,Iceland,1989,23.40426064
508,India,1989,5.759439945
509,Indonesia,1989,7.930920124
510,Iraq,1989,12.26984024
511,Ireland,1989,26.83999062
512,Italy,1989,28.062759399999997
513,Japan,1989,29.51152039
514,Jordan,1989,20.61327934
515,Kenya,1989,1.509439945
516,"Korea, Rep.",1989,35.92066956
517,Kuwait,1989,15.08281994
518,Lao PDR,1989,
519,Latvia,1989,24.04898071
520,Lebanon,1989,
521,Lesotho,1989,1.573549986
522,Libya,1989,
523,Luxembourg,1989,
524,"Macedonia, FYR",1989,18.12252045
525,Madagascar,1989,3.546139956
526,Malawi,1989,0.45460999
527,Malaysia,1989,6.522089958
528,Mali,1989,0.641629994
529,Malta,1989,6.976069927
530,Mauritania,1989,3.1112101080000003
531,Mauritius,1989,1.900329947
532,Mongolia,1989,20.15611076
533,Mozambique,1989,
534,Myanmar,1989,5.172669888
535,Nepal,1989,5.84469986
536,Netherlands,1989,32.80173874
537,New Zealand,1989,42.84614944
538,Nicaragua,1989,
539,Niger,1989,0.616119981
540,Nigeria,1989,4.122409821000001
541,Norway,1989,34.25194931
542,Oman,1989,3.26244998
543,Panama,1989,20.44702911
544,Papua New Guinea,1989,
545,Paraguay,1989,7.989079952000001
546,Peru,1989,29.59386063
547,Philippines,1989,26.13372993
548,Poland,1989,19.84487915
549,Portugal,1989,
550,Qatar,1989,18.84963036
551,Romania,1989,8.527810097
552,Russian Federation,1989,
553,Rwanda,1989,
554,Saudi Arabia,1989,
555,Senegal,1989,
556,Sierra Leone,1989,
557,Slovenia,1989,
558,Spain,1989,
559,Sri Lanka,1989,
560,St. Kitts and Nevis,1989,
561,St. Lucia,1989,
562,Suriname,1989,
563,Swaziland,1989,
564,Sweden,1989,
565,Switzerland,1989,
566,Syrian Arab Republic,1989,
567,Tanzania,1989,
568,Thailand,1989,
569,Tonga,1989,
570,Trinidad and Tobago,1989,
571,Tunisia,1989,
572,Turkey,1989,
573,Uganda,1989,
574,Ukraine,1989,
575,United Arab Emirates,1989,
576,United Kingdom,1989,
577,United States,1989,
578,"Venezuela, RB",1989,
579,Zimbabwe,1989,
580,Albania,1990,8.369110107000001
581,Argentina,1990,
582,Australia,1990,35.08403015
583,Austria,1990,32.57228851
584,"Bahamas, The",1990,
585,Bahrain,1990,
586,Bangladesh,1990,4.088009834
587,Barbados,1990,16.75488091
588,Belarus,1990,48.77965927
589,Belgium,1990,38.33956146
590,Benin,1990,2.122479916
591,Botswana,1990,
592,Bulgaria,1990,26.19759941
593,Burkina Faso,1990,0.7560600040000001
594,Burundi,1990,0.703069985
595,Cambodia,1990,0.631340027
596,Cameroon,1990,2.858259916
597,Central African Republic,1990,1.386430025
598,Chad,1990,
599,Chile,1990,
600,China,1990,3.0124700069999997
601,Colombia,1990,13.87662029
602,"Congo, Dem. Rep.",1990,2.1498000619999997
603,"Congo, Rep.",1990,4.903699875
604,Costa Rica,1990,26.74859047
605,Cote d'Ivoire,1990,
606,Cuba,1990,21.12830925
607,Cyprus,1990,9.027239799
608,Czech Republic,1990,16.16942024
609,Denmark,1990,34.12242126
610,Dominica,1990,
611,Ecuador,1990,19.54109001
612,"Egypt, Arab Rep.",1990,14.89008045
613,El Salvador,1990,16.07896996
614,Fiji,1990,
615,Finland,1990,44.50114059
616,France,1990,36.96326065
617,Greece,1990,24.93856049
618,Guatemala,1990,
619,Guinea,1990,1.207980037
620,Guyana,1990,5.789060116
621,Honduras,1990,8.908670425
622,Hungary,1990,14.68564034
623,Iceland,1990,25.59647942
624,India,1990,5.956150055
625,Indonesia,1990,8.37553978
626,Iraq,1990,
627,Ireland,1990,27.41753006
628,Italy,1990,29.54133987
629,Japan,1990,29.74918938
630,Jordan,1990,20.45195961
631,Kenya,1990,
632,"Korea, Rep.",1990,36.87472916
633,Kuwait,1990,11.99489975
634,Lao PDR,1990,1.132969975
635,Latvia,1990,24.865629199999997
636,Lebanon,1990,
637,Lesotho,1990,1.303509951
638,Libya,1990,11.40909958
639,Luxembourg,1990,
640,"Macedonia, FYR",1990,16.62268066
641,Madagascar,1990,3.4386799339999996
642,Malawi,1990,0.531729996
643,Malaysia,1990,7.1897301670000004
644,Mali,1990,0.657670021
645,Malta,1990,10.38504028
646,Mauritania,1990,3.025160074
647,Mauritius,1990,3.0411698819999997
648,Mongolia,1990,18.19734955
649,Mozambique,1990,
650,Myanmar,1990,5.038169861
651,Nepal,1990,5.220399857
652,Netherlands,1990,35.146541600000006
653,New Zealand,1990,39.37844086
654,Nicaragua,1990,7.727320194
655,Niger,1990,0.7413300279999999
656,Nigeria,1990,
657,Norway,1990,38.3710289
658,Oman,1990,4.12278986
659,Panama,1990,20.9908905
660,Papua New Guinea,1990,
661,Paraguay,1990,8.335590363
662,Peru,1990,30.12070084
663,Philippines,1990,24.58946037
664,Poland,1990,20.38055992
665,Portugal,1990,20.01486969
666,Qatar,1990,20.19857979
667,Romania,1990,8.406990051000001
668,Russian Federation,1990,
669,Rwanda,1990,
670,Saudi Arabia,1990,
671,Senegal,1990,
672,Sierra Leone,1990,
673,Slovenia,1990,
674,Spain,1990,
675,Sri Lanka,1990,
676,St. Kitts and Nevis,1990,
677,St. Lucia,1990,
678,Suriname,1990,
679,Swaziland,1990,
680,Sweden,1990,
681,Switzerland,1990,
682,Syrian Arab Republic,1990,
683,Tanzania,1990,
684,Thailand,1990,
685,Tonga,1990,
686,Trinidad and Tobago,1990,
687,Tunisia,1990,
688,Turkey,1990,
689,Uganda,1990,
690,Ukraine,1990,
691,United Arab Emirates,1990,
692,United Kingdom,1990,
693,United States,1990,
694,"Venezuela, RB",1990,
695,Zimbabwe,1990,
696,Albania,1991,8.859930038
697,Argentina,1991,38.22399902
698,Australia,1991,38.01018143
699,Austria,1991,34.73540878
700,"Bahamas, The",1991,
701,Bahrain,1991,17.22944069
702,Bangladesh,1991,
703,Barbados,1991,26.12435913
704,Belarus,1991,47.65230179
705,Belgium,1991,39.91775131
706,Benin,1991,2.420840025
707,Botswana,1991,4.185070038
708,Bulgaria,1991,31.03787041
709,Burkina Faso,1991,0.7009800079999999
710,Burundi,1991,0.787150025
711,Cambodia,1991,0.747590005
712,Cameroon,1991,3.156830072
713,Central African Republic,1991,1.4903199669999998
714,Chad,1991,
715,Chile,1991,20.88331985
716,China,1991,2.93091011
717,Colombia,1991,14.69287968
718,"Congo, Dem. Rep.",1991,2.501909971
719,"Congo, Rep.",1991,4.812679768
720,Costa Rica,1991,28.877180100000004
721,Cote d'Ivoire,1991,
722,Cuba,1991,21.16641998
723,Cyprus,1991,10.12467003
724,Czech Republic,1991,16.07747078
725,Denmark,1991,36.48846054
726,Dominica,1991,5.887989997999999
727,Ecuador,1991,19.95830917
728,"Egypt, Arab Rep.",1991,12.6208601
729,El Salvador,1991,17.35811996
730,Fiji,1991,11.79102039
731,Finland,1991,48.92792892
732,France,1991,39.48389816
733,Greece,1991,36.33464813
734,Guatemala,1991,
735,Guinea,1991,1.051040053
736,Guyana,1991,
737,Honduras,1991,8.990010262
738,Hungary,1991,14.52085972
739,Iceland,1991,24.92248917
740,India,1991,6.038839817
741,Indonesia,1991,8.613180161
742,Iraq,1991,
743,Ireland,1991,27.93033981
744,Italy,1991,31.77528954
745,Japan,1991,29.77436066
746,Jordan,1991,22.19506073
747,Kenya,1991,
748,"Korea, Rep.",1991,37.93350983
749,Kuwait,1991,
750,Lao PDR,1991,
751,Latvia,1991,25.056840899999997
752,Lebanon,1991,
753,Lesotho,1991,1.326179981
754,Libya,1991,
755,Luxembourg,1991,4.789669991
756,"Macedonia, FYR",1991,15.26622963
757,Madagascar,1991,3.204080105
758,Malawi,1991,0.541689992
759,Malaysia,1991,7.9816598889999995
760,Mali,1991,0.635839999
761,Malta,1991,12.6724596
762,Mauritania,1991,2.696490049
763,Mauritius,1991,3.538609982
764,Mongolia,1991,15.86295033
765,Mozambique,1991,
766,Myanmar,1991,
767,Nepal,1991,5.952690125
768,Netherlands,1991,39.51599121
769,New Zealand,1991,44.558788299999996
770,Nicaragua,1991,7.6382498739999996
771,Niger,1991,
772,Nigeria,1991,
773,Norway,1991,42.33531952
774,Oman,1991,4.47329998
775,Panama,1991,22.65236092
776,Papua New Guinea,1991,
777,Paraguay,1991,
778,Peru,1991,31.91741943
779,Philippines,1991,27.161260600000002
780,Poland,1991,21.76199913
781,Portugal,1991,23.43029976
782,Qatar,1991,20.01729012
783,Romania,1991,9.621359825
784,Russian Federation,1991,
785,Rwanda,1991,
786,Saudi Arabia,1991,
787,Senegal,1991,
788,Sierra Leone,1991,
789,Slovenia,1991,
790,Spain,1991,
791,Sri Lanka,1991,
792,St. Kitts and Nevis,1991,
793,St. Lucia,1991,
794,Suriname,1991,
795,Swaziland,1991,
796,Sweden,1991,
797,Switzerland,1991,
798,Syrian Arab Republic,1991,
799,Tanzania,1991,
800,Thailand,1991,
801,Tonga,1991,
802,Trinidad and Tobago,1991,
803,Tunisia,1991,
804,Turkey,1991,
805,Uganda,1991,
806,Ukraine,1991,
807,United Arab Emirates,1991,
808,United Kingdom,1991,
809,United States,1991,
810,"Venezuela, RB",1991,
811,Zimbabwe,1991,
812,Albania,1992,9.29417038
813,Argentina,1992,
814,Australia,1992,39.38840866
815,Austria,1992,37.66069031
816,"Bahamas, The",1992,
817,Bahrain,1992,16.95248985
818,Bangladesh,1992,
819,Barbados,1992,27.39311981
820,Belarus,1992,43.8624115
821,Belgium,1992,
822,Benin,1992,2.271150112
823,Botswana,1992,
824,Bulgaria,1992,30.44894981
825,Burkina Faso,1992,0.930050015
826,Burundi,1992,0.846509993
827,Cambodia,1992,0.963750005
828,Cameroon,1992,
829,Central African Republic,1992,1.387009978
830,Chad,1992,
831,Chile,1992,23.956680300000002
832,China,1992,2.843889952
833,Colombia,1992,15.42356968
834,"Congo, Dem. Rep.",1992,
835,"Congo, Rep.",1992,5.244599818999999
836,Costa Rica,1992,31.40509033
837,Cote d'Ivoire,1992,2.752850056
838,Cuba,1992,19.71936035
839,Cyprus,1992,9.246979713
840,Czech Republic,1992,14.59228039
841,Denmark,1992,38.66210938
842,Dominica,1992,9.464900017
843,Ecuador,1992,
844,"Egypt, Arab Rep.",1992,
845,El Salvador,1992,
846,Fiji,1992,
847,Finland,1992,52.99055862
848,France,1992,42.81393051
849,Greece,1992,34.77109146
850,Guatemala,1992,
851,Guinea,1992,0.969099998
852,Guyana,1992,
853,Honduras,1992,9.37635994
854,Hungary,1992,14.92063999
855,Iceland,1992,29.60880089
856,India,1992,
857,Indonesia,1992,9.428839684
858,Iraq,1992,
859,Ireland,1992,30.35811043
860,Italy,1992,33.83098984
861,Japan,1992,29.96076965
862,Jordan,1992,21.40427017
863,Kenya,1992,
864,"Korea, Rep.",1992,39.50471878
865,Kuwait,1992,10.74108028
866,Lao PDR,1992,
867,Latvia,1992,25.55706978
868,Lebanon,1992,32.45146179
869,Lesotho,1992,2.266479969
870,Libya,1992,15.17508984
871,Luxembourg,1992,5.22066021
872,"Macedonia, FYR",1992,15.95118999
873,Madagascar,1992,
874,Malawi,1992,0.543240011
875,Malaysia,1992,9.076700211
876,Mali,1992,0.80558002
877,Malta,1992,14.20011044
878,Mauritania,1992,2.869940042
879,Mauritius,1992,
880,Mongolia,1992,14.14762974
881,Mozambique,1992,0.37439999
882,Myanmar,1992,4.345339775
883,Nepal,1992,5.412690163
884,Netherlands,1992,42.01200867
885,New Zealand,1992,50.51179886
886,Nicaragua,1992,8.36149025
887,Niger,1992,0.74466002
888,Nigeria,1992,
889,Norway,1992,46.01221085
890,Oman,1992,5.049280167
891,Panama,1992,24.21492958
892,Papua New Guinea,1992,
893,Paraguay,1992,
894,Peru,1992,31.53223038
895,Philippines,1992,25.82395935
896,Poland,1992,21.50987053
897,Portugal,1992,23.6657505
898,Qatar,1992,18.86108017
899,Romania,1992,10.80850983
900,Russian Federation,1992,
901,Rwanda,1992,
902,Saudi Arabia,1992,
903,Senegal,1992,
904,Sierra Leone,1992,
905,Slovenia,1992,
906,Spain,1992,
907,Sri Lanka,1992,
908,St. Kitts and Nevis,1992,
909,St. Lucia,1992,
910,Suriname,1992,
911,Swaziland,1992,
912,Sweden,1992,
913,Switzerland,1992,
914,Syrian Arab Republic,1992,
915,Tanzania,1992,
916,Thailand,1992,
917,Tonga,1992,
918,Trinidad and Tobago,1992,
919,Tunisia,1992,
920,Turkey,1992,
921,Uganda,1992,
922,Ukraine,1992,
923,United Arab Emirates,1992,
924,United Kingdom,1992,
925,United States,1992,
926,"Venezuela, RB",1992,
927,Zimbabwe,1992,
928,Albania,1993,11.18873978
929,Argentina,1993,
930,Australia,1993,65.06017303
931,Austria,1993,39.82632828
932,"Bahamas, The",1993,
933,Bahrain,1993,17.55381966
934,Bangladesh,1993,
935,Barbados,1993,25.50795937
936,Belarus,1993,43.34128952
937,Belgium,1993,45.82558823
938,Benin,1993,2.048609972
939,Botswana,1993,4.936329842
940,Bulgaria,1993,31.91851997
941,Burkina Faso,1993,1.081940055
942,Burundi,1993,0.9478300209999999
943,Cambodia,1993,1.194429994
944,Cameroon,1993,
945,Central African Republic,1993,
946,Chad,1993,
947,Chile,1993,26.40921021
948,China,1993,2.93091011
949,Colombia,1993,15.65476036
950,"Congo, Dem. Rep.",1993,
951,"Congo, Rep.",1993,5.800720215
952,Costa Rica,1993,
953,Cote d'Ivoire,1993,3.3103299139999995
954,Cuba,1993,17.73106003
955,Cyprus,1993,14.07258034
956,Czech Republic,1993,14.40950012
957,Denmark,1993,42.74794006
958,Dominica,1993,7.22495985
959,Ecuador,1993,
960,"Egypt, Arab Rep.",1993,
961,El Salvador,1993,18.63850975
962,Fiji,1993,
963,Finland,1993,59.43059158
964,France,1993,45.7188797
965,Greece,1993,38.12108994
966,Guatemala,1993,7.886479855
967,Guinea,1993,1.296309948
968,Guyana,1993,
969,Honduras,1993,9.205539703
970,Hungary,1993,16.08620071
971,Iceland,1993,27.34284973
972,India,1993,
973,Indonesia,1993,9.393320083999999
974,Iraq,1993,
975,Ireland,1993,31.90179062
976,Italy,1993,36.03339005
977,Japan,1993,
978,Jordan,1993,20.93047905
979,Kenya,1993,
980,"Korea, Rep.",1993,43.30445862
981,Kuwait,1993,11.82013988
982,Lao PDR,1993,1.333999991
983,Latvia,1993,24.29161072
984,Lebanon,1993,
985,Lesotho,1993,2.382359982
986,Libya,1993,
987,Luxembourg,1993,4.884409904
988,"Macedonia, FYR",1993,16.03734016
989,Madagascar,1993,3.570739985
990,Malawi,1993,0.547630012
991,Malaysia,1993,9.396499634
992,Mali,1993,0.927649975
993,Malta,1993,17.8040905
994,Mauritania,1993,3.571990013
995,Mauritius,1993,5.338429928
996,Mongolia,1993,12.26053047
997,Mozambique,1993,0.40849998600000004
998,Myanmar,1993,5.329219818
999,Nepal,1993,5.170650005
1000,Netherlands,1993,44.6330719
1001,New Zealand,1993,56.49573135
1002,Nicaragua,1993,
1003,Niger,1993,
1004,Nigeria,1993,
1005,Norway,1993,50.2086792
1006,Oman,1993,5.122189999
1007,Panama,1993,25.91609955
1008,Papua New Guinea,1993,
1009,Paraguay,1993,10.55237961
1010,Peru,1993,28.11548042
1011,Philippines,1993,
1012,Poland,1993,23.9521904
1013,Portugal,1993,30.28900909
1014,Qatar,1993,20.1627903
1015,Romania,1993,12.05533028
1016,Russian Federation,1993,
1017,Rwanda,1993,
1018,Saudi Arabia,1993,
1019,Senegal,1993,
1020,Sierra Leone,1993,
1021,Slovenia,1993,
1022,Spain,1993,
1023,Sri Lanka,1993,
1024,St. Kitts and Nevis,1993,
1025,St. Lucia,1993,
1026,Suriname,1993,
1027,Swaziland,1993,
1028,Sweden,1993,
1029,Switzerland,1993,
1030,Syrian Arab Republic,1993,
1031,Tanzania,1993,
1032,Thailand,1993,
1033,Tonga,1993,
1034,Trinidad and Tobago,1993,
1035,Tunisia,1993,
1036,Turkey,1993,
1037,Uganda,1993,
1038,Ukraine,1993,
1039,United Arab Emirates,1993,
1040,United Kingdom,1993,
1041,United States,1993,
1042,"Venezuela, RB",1993,
1043,Zimbabwe,1993,
1044,Albania,1994,10.6477499
1045,Argentina,1994,36.78813934
1046,Australia,1994,66.48654175
1047,Austria,1994,42.32712936
1048,"Bahamas, The",1994,
1049,Bahrain,1994,16.76971054
1050,Bangladesh,1994,
1051,Barbados,1994,
1052,Belarus,1994,41.43178177
1053,Belgium,1994,48.89458847
1054,Benin,1994,2.0915899280000003
1055,Botswana,1994,5.36796999
1056,Bulgaria,1994,33.68542099
1057,Burkina Faso,1994,1.054250002
1058,Burundi,1994,
1059,Cambodia,1994,1.378029943
1060,Cameroon,1994,
1061,Central African Republic,1994,
1062,Chad,1994,
1063,Chile,1994,27.46031952
1064,China,1994,3.666640043
1065,Colombia,1994,16.20476913
1066,"Congo, Dem. Rep.",1994,
1067,"Congo, Rep.",1994,
1068,Costa Rica,1994,
1069,Cote d'Ivoire,1994,4.17027998
1070,Cuba,1994,16.3094902
1071,Cyprus,1994,15.02812958
1072,Czech Republic,1994,19.43223
1073,Denmark,1994,44.68537903
1074,Dominica,1994,
1075,Ecuador,1994,
1076,"Egypt, Arab Rep.",1994,
1077,El Salvador,1994,20.63628006
1078,Fiji,1994,
1079,Finland,1994,64.08039856
1080,France,1994,49.50629044
1081,Greece,1994,39.68896103
1082,Guatemala,1994,8.222900391
1083,Guinea,1994,1.1761499640000002
1084,Guyana,1994,9.750359535
1085,Honduras,1994,10.184619900000001
1086,Hungary,1994,19.35170937
1087,Iceland,1994,34.00616837
1088,India,1994,
1089,Indonesia,1994,10.53431988
1090,Iraq,1994,
1091,Ireland,1994,34.15090942
1092,Italy,1994,40.13325882
1093,Japan,1994,38.65584946
1094,Jordan,1994,19.17196083
1095,Kenya,1994,
1096,"Korea, Rep.",1994,44.97761917
1097,Kuwait,1994,15.00041962
1098,Lao PDR,1994,1.325690031
1099,Latvia,1994,22.64299965
1100,Lebanon,1994,
1101,Lesotho,1994,2.5278799530000002
1102,Libya,1994,
1103,Luxembourg,1994,7.038400172999999
1104,"Macedonia, FYR",1994,17.02758026
1105,Madagascar,1994,2.899080038
1106,Malawi,1994,0.574230015
1107,Malaysia,1994,10.33798981
1108,Mali,1994,
1109,Malta,1994,19.20965004
1110,Mauritania,1994,3.5460700989999996
1111,Mauritius,1994,4.980770111
1112,Mongolia,1994,12.83957005
1113,Mozambique,1994,0.457679987
1114,Myanmar,1994,5.066380024
1115,Nepal,1994,4.78606987
1116,Netherlands,1994,48.60858917
1117,New Zealand,1994,59.38179016
1118,Nicaragua,1994,
1119,Niger,1994,
1120,Nigeria,1994,
1121,Norway,1994,54.1728096
1122,Oman,1994,5.357870102
1123,Panama,1994,25.55620956
1124,Papua New Guinea,1994,
1125,Paraguay,1994,
1126,Peru,1994,26.79137039
1127,Philippines,1994,
1128,Poland,1994,27.74629974
1129,Portugal,1994,33.61452866
1130,Qatar,1994,20.10832024
1131,Romania,1994,13.01408958
1132,Russian Federation,1994,
1133,Rwanda,1994,
1134,Saudi Arabia,1994,
1135,Senegal,1994,
1136,Sierra Leone,1994,
1137,Slovenia,1994,
1138,Spain,1994,
1139,Sri Lanka,1994,
1140,St. Kitts and Nevis,1994,
1141,St. Lucia,1994,
1142,Suriname,1994,
1143,Swaziland,1994,
1144,Sweden,1994,
1145,Switzerland,1994,
1146,Syrian Arab Republic,1994,
1147,Tanzania,1994,
1148,Thailand,1994,
1149,Tonga,1994,
1150,Trinidad and Tobago,1994,
1151,Tunisia,1994,
1152,Turkey,1994,
1153,Uganda,1994,
1154,Ukraine,1994,
1155,United Arab Emirates,1994,
1156,United Kingdom,1994,
1157,United States,1994,
1158,"Venezuela, RB",1994,
1159,Zimbabwe,1994,
1160,Albania,1995,10.22033978
1161,Argentina,1995,
1162,Australia,1995,70.20423889
1163,Austria,1995,45.04552841
1164,"Bahamas, The",1995,15.05303001
1165,Bahrain,1995,16.56093025
1166,Bangladesh,1995,
1167,Barbados,1995,
1168,Belarus,1995,40.50616074
1169,Belgium,1995,54.39588165
1170,Benin,1995,2.089649916
1171,Botswana,1995,5.072659969
1172,Bulgaria,1995,36.51942825
1173,Burkina Faso,1995,1.097779989
1174,Burundi,1995,
1175,Cambodia,1995,1.3778400419999999
1176,Cameroon,1995,
1177,Central African Republic,1995,
1178,Chad,1995,
1179,Chile,1995,28.31517029
1180,China,1995,4.461070061
1181,Colombia,1995,16.14718056
1182,"Congo, Dem. Rep.",1995,2.518970013
1183,"Congo, Rep.",1995,
1184,Costa Rica,1995,
1185,Cote d'Ivoire,1995,4.176929951
1186,Cuba,1995,13.74732018
1187,Cyprus,1995,17.01656914
1188,Czech Republic,1995,20.61907959
1189,Denmark,1995,45.47640991
1190,Dominica,1995,
1191,Ecuador,1995,18.18045044
1192,"Egypt, Arab Rep.",1995,
1193,El Salvador,1995,22.05916977
1194,Fiji,1995,
1195,Finland,1995,67.49276733
1196,France,1995,50.31515121
1197,Greece,1995,37.03152847
1198,Guatemala,1995,8.275839806
1199,Guinea,1995,1.262940049
1200,Guyana,1995,8.992620468
1201,Honduras,1995,10.13580036
1202,Hungary,1995,22.18433952
1203,Iceland,1995,35.49457169
1204,India,1995,5.550330162000001
1205,Indonesia,1995,11.33228016
1206,Iraq,1995,
1207,Ireland,1995,34.92720032
1208,Italy,1995,41.55334854
1209,Japan,1995,39.88428879
1210,Jordan,1995,18.70787048
1211,Kenya,1995,
1212,"Korea, Rep.",1995,48.92810822
1213,Kuwait,1995,19.41896057
1214,Lao PDR,1995,1.6589699980000001
1215,Latvia,1995,23.11969948
1216,Lebanon,1995,
1217,Lesotho,1995,2.4747500419999997
1218,Libya,1995,
1219,Luxembourg,1995,7.380899906000001
1220,"Macedonia, FYR",1995,18.38200951
1221,Madagascar,1995,2.3329100609999998
1222,Malawi,1995,0.569000006
1223,Malaysia,1995,11.14906025
1224,Mali,1995,0.941850007
1225,Malta,1995,20.97561073
1226,Mauritania,1995,3.483629942
1227,Mauritius,1995,5.621409892999999
1228,Mongolia,1995,14.35770035
1229,Mozambique,1995,0.478670001
1230,Myanmar,1995,5.196839809
1231,Nepal,1995,4.36616993
1232,Netherlands,1995,47.64411926
1233,New Zealand,1995,58.28890991
1234,Nicaragua,1995,10.78240967
1235,Niger,1995,
1236,Nigeria,1995,
1237,Norway,1995,54.20378876
1238,Oman,1995,6.281899929
1239,Panama,1995,27.94879913
1240,Papua New Guinea,1995,2.8239901069999997
1241,Paraguay,1995,9.360509872
1242,Peru,1995,27.02247047
1243,Philippines,1995,27.29813957
1244,Poland,1995,31.61356926
1245,Portugal,1995,36.49560165
1246,Qatar,1995,21.63978004
1247,Romania,1995,13.38833046
1248,Russian Federation,1995,
1249,Rwanda,1995,
1250,Saudi Arabia,1995,
1251,Senegal,1995,
1252,Sierra Leone,1995,
1253,Slovenia,1995,
1254,Spain,1995,
1255,Sri Lanka,1995,
1256,St. Kitts and Nevis,1995,
1257,St. Lucia,1995,
1258,Suriname,1995,
1259,Swaziland,1995,
1260,Sweden,1995,
1261,Switzerland,1995,
1262,Syrian Arab Republic,1995,
1263,Tanzania,1995,
1264,Thailand,1995,
1265,Tonga,1995,
1266,Trinidad and Tobago,1995,
1267,Tunisia,1995,
1268,Turkey,1995,
1269,Uganda,1995,
1270,Ukraine,1995,
1271,United Arab Emirates,1995,
1272,United Kingdom,1995,
1273,United States,1995,
1274,"Venezuela, RB",1995,
1275,Zimbabwe,1995,
1276,Albania,1996,10.96304989
1277,Argentina,1996,
1278,Australia,1996,75.16773224
1279,Austria,1996,47.56636047
1280,"Bahamas, The",1996,
1281,Bahrain,1996,17.60573959
1282,Bangladesh,1996,
1283,Barbados,1996,
1284,Belarus,1996,44.69694138
1285,Belgium,1996,56.23701096
1286,Benin,1996,2.06137991
1287,Botswana,1996,5.442399979
1288,Bulgaria,1996,41.08354187
1289,Burkina Faso,1996,1.054270029
1290,Burundi,1996,
1291,Cambodia,1996,1.664080024
1292,Cameroon,1996,
1293,Central African Republic,1996,
1294,Chad,1996,0.564800024
1295,Chile,1996,30.44474983
1296,China,1996,4.996650219
1297,Colombia,1996,17.27684975
1298,"Congo, Dem. Rep.",1996,
1299,"Congo, Rep.",1996,
1300,Costa Rica,1996,
1301,Cote d'Ivoire,1996,
1302,Cuba,1996,12.876480099999998
1303,Cyprus,1996,19.17955971
1304,Czech Republic,1996,21.55574036
1305,Denmark,1996,47.83076859
1306,Dominica,1996,
1307,Ecuador,1996,
1308,"Egypt, Arab Rep.",1996,
1309,El Salvador,1996,21.29442978
1310,Fiji,1996,
1311,Finland,1996,70.43665314
1312,France,1996,52.27442932
1313,Greece,1996,40.56399918
1314,Guatemala,1996,
1315,Guinea,1996,1.146229982
1316,Guyana,1996,9.928380013
1317,Honduras,1996,10.86079979
1318,Hungary,1996,24.61347961
1319,Iceland,1996,35.87763977
1320,India,1996,6.28704977
1321,Indonesia,1996,11.54181004
1322,Iraq,1996,
1323,Ireland,1996,36.6247406
1324,Italy,1996,42.38817978
1325,Japan,1996,
1326,Jordan,1996,20.65249062
1327,Kenya,1996,
1328,"Korea, Rep.",1996,54.84740829
1329,Kuwait,1996,24.25105095
1330,Lao PDR,1996,2.406510115
1331,Latvia,1996,27.32069969
1332,Lebanon,1996,27.53838921
1333,Lesotho,1996,2.550410032
1334,Libya,1996,
1335,Luxembourg,1996,8.092280387999999
1336,"Macedonia, FYR",1996,18.82146072
1337,Madagascar,1996,2.159600019
1338,Malawi,1996,0.580160022
1339,Malaysia,1996,
1340,Mali,1996,1.053830028
1341,Malta,1996,22.09560966
1342,Mauritania,1996,3.689470053
1343,Mauritius,1996,6.572219849
1344,Mongolia,1996,16.17416954
1345,Mozambique,1996,0.500440001
1346,Myanmar,1996,
1347,Nepal,1996,4.803030014
1348,Netherlands,1996,48.39706039
1349,New Zealand,1996,59.29727173
1350,Nicaragua,1996,
1351,Niger,1996,
1352,Nigeria,1996,
1353,Norway,1996,58.11719894
1354,Oman,1996,6.0158600810000005
1355,Panama,1996,29.17030907
1356,Papua New Guinea,1996,3.16779995
1357,Paraguay,1996,9.371290207000001
1358,Peru,1996,25.60622025
1359,Philippines,1996,28.78787041
1360,Poland,1996,35.79434967
1361,Portugal,1996,38.94979095
1362,Qatar,1996,24.03173065
1363,Romania,1996,17.67452049
1364,Russian Federation,1996,
1365,Rwanda,1996,
1366,Saudi Arabia,1996,
1367,Senegal,1996,
1368,Sierra Leone,1996,
1369,Slovenia,1996,
1370,Spain,1996,
1371,Sri Lanka,1996,
1372,St. Kitts and Nevis,1996,
1373,St. Lucia,1996,
1374,Suriname,1996,
1375,Swaziland,1996,
1376,Sweden,1996,
1377,Switzerland,1996,
1378,Syrian Arab Republic,1996,
1379,Tanzania,1996,
1380,Thailand,1996,
1381,Tonga,1996,
1382,Trinidad and Tobago,1996,
1383,Tunisia,1996,
1384,Turkey,1996,
1385,Uganda,1996,
1386,Ukraine,1996,
1387,United Arab Emirates,1996,
1388,United Kingdom,1996,
1389,United States,1996,
1390,"Venezuela, RB",1996,
1391,Zimbabwe,1996,
1392,Albania,1997,12.73375988
1393,Argentina,1997,
1394,Australia,1997,80.4278183
1395,Austria,1997,49.64730072
1396,"Bahamas, The",1997,
1397,Bahrain,1997,
1398,Bangladesh,1997,
1399,Barbados,1997,
1400,Belarus,1997,45.36336136
1401,Belgium,1997,
1402,Benin,1997,2.51079011
1403,Botswana,1997,
1404,Bulgaria,1997,43.17401123
1405,Burkina Faso,1997,0.96924001
1406,Burundi,1997,
1407,Cambodia,1997,1.26086998
1408,Cameroon,1997,
1409,Central African Republic,1997,
1410,Chad,1997,0.600430012
1411,Chile,1997,31.63080025
1412,China,1997,5.450910091
1413,Colombia,1997,20.27734947
1414,"Congo, Dem. Rep.",1997,
1415,"Congo, Rep.",1997,
1416,Costa Rica,1997,
1417,Cote d'Ivoire,1997,6.479859829
1418,Cuba,1997,12.82907009
1419,Cyprus,1997,20.93540001
1420,Czech Republic,1997,23.29133987
1421,Denmark,1997,
1422,Dominica,1997,
1423,Ecuador,1997,18.61372948
1424,"Egypt, Arab Rep.",1997,
1425,El Salvador,1997,
1426,Fiji,1997,
1427,Finland,1997,73.49978638
1428,France,1997,53.19895935
1429,Greece,1997,44.25431061
1430,Guatemala,1997,
1431,Guinea,1997,1.166180015
1432,Guyana,1997,11.58897972
1433,Honduras,1997,11.70143986
1434,Hungary,1997,26.25248909
1435,Iceland,1997,37.7596283
1436,India,1997,6.566959858
1437,Indonesia,1997,13.38344002
1438,Iraq,1997,
1439,Ireland,1997,38.45830917
1440,Italy,1997,46.85351944
1441,Japan,1997,
1442,Jordan,1997,23.3828907
1443,Kenya,1997,
1444,"Korea, Rep.",1997,70.87348938
1445,Kuwait,1997,23.76596069
1446,Lao PDR,1997,2.574709892
1447,Latvia,1997,33.67314148
1448,Lebanon,1997,
1449,Lesotho,1997,
1450,Libya,1997,
1451,Luxembourg,1997,8.514929771
1452,"Macedonia, FYR",1997,19.55950928
1453,Madagascar,1997,1.934669971
1454,Malawi,1997,
1455,Malaysia,1997,
1456,Mali,1997,1.4563699959999998
1457,Malta,1997,21.959379199999997
1458,Mauritania,1997,3.88380003
1459,Mauritius,1997,6.677010059
1460,Mongolia,1997,18.39859009
1461,Mozambique,1997,
1462,Myanmar,1997,
1463,Nepal,1997,
1464,Netherlands,1997,47.73488998
1465,New Zealand,1997,63.73876189999999
1466,Nicaragua,1997,10.91989994
1467,Niger,1997,
1468,Nigeria,1997,
1469,Norway,1997,61.5646286
1470,Oman,1997,6.624529839
1471,Panama,1997,
1472,Papua New Guinea,1997,
1473,Paraguay,1997,
1474,Peru,1997,25.69278908
1475,Philippines,1997,
1476,Poland,1997,40.4799614
1477,Portugal,1997,
1478,Qatar,1997,24.9595108
1479,Romania,1997,18.62499046
1480,Russian Federation,1997,
1481,Rwanda,1997,
1482,Saudi Arabia,1997,
1483,Senegal,1997,
1484,Sierra Leone,1997,
1485,Slovenia,1997,
1486,Spain,1997,
1487,Sri Lanka,1997,
1488,St. Kitts and Nevis,1997,
1489,St. Lucia,1997,
1490,Suriname,1997,
1491,Swaziland,1997,
1492,Sweden,1997,
1493,Switzerland,1997,
1494,Syrian Arab Republic,1997,
1495,Tanzania,1997,
1496,Thailand,1997,
1497,Tonga,1997,
1498,Trinidad and Tobago,1997,
1499,Tunisia,1997,
1500,Turkey,1997,
1501,Uganda,1997,
1502,Ukraine,1997,
1503,United Arab Emirates,1997,
1504,United Kingdom,1997,
1505,United States,1997,
1506,"Venezuela, RB",1997,
1507,Zimbabwe,1997,
1508,Albania,1998,13.59475994
1509,Argentina,1998,46.0893898
1510,Australia,1998,68.47367859
1511,Austria,1998,52.48339081
1512,"Bahamas, The",1998,
1513,Bahrain,1998,
1514,Bangladesh,1998,
1515,Barbados,1998,
1516,Belarus,1998,49.400409700000004
1517,Belgium,1998,
1518,Benin,1998,
1519,Botswana,1998,5.794079781000001
1520,Bulgaria,1998,43.07300186
1521,Burkina Faso,1998,
1522,Burundi,1998,0.9063900109999999
1523,Cambodia,1998,
1524,Cameroon,1998,
1525,Central African Republic,1998,
1526,Chad,1998,0.730960011
1527,Chile,1998,33.76573944
1528,China,1998,5.975880146000001
1529,Colombia,1998,22.64175034
1530,"Congo, Dem. Rep.",1998,
1531,"Congo, Rep.",1998,
1532,Costa Rica,1998,
1533,Cote d'Ivoire,1998,
1534,Cuba,1998,13.12514973
1535,Cyprus,1998,
1536,Czech Republic,1998,23.7981205
1537,Denmark,1998,52.48291016
1538,Dominica,1998,
1539,Ecuador,1998,
1540,"Egypt, Arab Rep.",1998,
1541,El Salvador,1998,22.15237045
1542,Fiji,1998,
1543,Finland,1998,79.28385162
1544,France,1998,53.71652985
1545,Greece,1998,45.275409700000004
1546,Guatemala,1998,
1547,Guinea,1998,1.194390059
1548,Guyana,1998,
1549,Honduras,1998,13.53582001
1550,Hungary,1998,30.10096931
1551,Iceland,1998,38.50175858
1552,India,1998,
1553,Indonesia,1998,13.35931015
1554,Iraq,1998,
1555,Ireland,1998,41.25069046
1556,Italy,1998,48.18775177
1557,Japan,1998,45.11417007
1558,Jordan,1998,
1559,Kenya,1998,
1560,"Korea, Rep.",1998,68.04257965
1561,Kuwait,1998,
1562,Lao PDR,1998,2.0435400009999998
1563,Latvia,1998,43.02885818
1564,Lebanon,1998,
1565,Lesotho,1998,
1566,Libya,1998,
1567,Luxembourg,1998,8.993149757000001
1568,"Macedonia, FYR",1998,20.23576927
1569,Madagascar,1998,2.168580055
1570,Malawi,1998,
1571,Malaysia,1998,21.799030300000002
1572,Mali,1998,1.429730058
1573,Malta,1998,24.32184029
1574,Mauritania,1998,3.774169922
1575,Mauritius,1998,
1576,Mongolia,1998,21.17885971
1577,Mozambique,1998,
1578,Myanmar,1998,6.67952013
1579,Nepal,1998,
1580,Netherlands,1998,48.34770966
1581,New Zealand,1998,61.95212173
1582,Nicaragua,1998,
1583,Niger,1998,
1584,Nigeria,1998,
1585,Norway,1998,62.86830902
1586,Oman,1998,7.781050205
1587,Panama,1998,36.30998993
1588,Papua New Guinea,1998,1.9017699959999999
1589,Paraguay,1998,
1590,Peru,1998,
1591,Philippines,1998,27.47159958
1592,Poland,1998,39.84720993
1593,Portugal,1998,43.85945892
1594,Qatar,1998,25.11182022
1595,Romania,1998,18.89730072
1596,Russian Federation,1998,
1597,Rwanda,1998,
1598,Saudi Arabia,1998,
1599,Senegal,1998,
1600,Sierra Leone,1998,
1601,Slovenia,1998,
1602,Spain,1998,
1603,Sri Lanka,1998,
1604,St. Kitts and Nevis,1998,
1605,St. Lucia,1998,
1606,Suriname,1998,
1607,Swaziland,1998,
1608,Sweden,1998,
1609,Switzerland,1998,
1610,Syrian Arab Republic,1998,
1611,Tanzania,1998,
1612,Thailand,1998,
1613,Tonga,1998,
1614,Trinidad and Tobago,1998,
1615,Tunisia,1998,
1616,Turkey,1998,
1617,Uganda,1998,
1618,Ukraine,1998,
1619,United Arab Emirates,1998,
1620,United Kingdom,1998,
1621,United States,1998,
1622,"Venezuela, RB",1998,
1623,Zimbabwe,1998,
1624,Albania,1999,14.80504036
1625,Argentina,1999,47.97647858
1626,Australia,1999,67.28881073
1627,Austria,1999,54.51760864
1628,"Bahamas, The",1999,
1629,Bahrain,1999,21.64746094
1630,Bangladesh,1999,5.456560135
1631,Barbados,1999,34.97016144
1632,Belarus,1999,52.30474854
1633,Belgium,1999,56.69519043
1634,Benin,1999,3.229629993
1635,Botswana,1999,6.120510101
1636,Bulgaria,1999,45.20162964
1637,Burkina Faso,1999,0.999109983
1638,Burundi,1999,0.9947500229999999
1639,Cambodia,1999,
1640,Cameroon,1999,4.875520229
1641,Central African Republic,1999,1.888520002
1642,Chad,1999,
1643,Chile,1999,37.30878067
1644,China,1999,6.509950161
1645,Colombia,1999,22.17126083
1646,"Congo, Dem. Rep.",1999,1.460520029
1647,"Congo, Rep.",1999,3.657850027
1648,Costa Rica,1999,
1649,Cote d'Ivoire,1999,6.643380165
1650,Cuba,1999,20.63830948
1651,Cyprus,1999,21.0324192
1652,Czech Republic,1999,25.53906059
1653,Denmark,1999,55.84922028
1654,Dominica,1999,
1655,Ecuador,1999,
1656,"Egypt, Arab Rep.",1999,30.67882919
1657,El Salvador,1999,22.31318092
1658,Fiji,1999,
1659,Finland,1999,81.49201965
1660,France,1999,54.13898849
1661,Greece,1999,46.96197891
1662,Guatemala,1999,
1663,Guinea,1999,
1664,Guyana,1999,
1665,Honduras,1999,13.31056976
1666,Hungary,1999,32.49789047
1667,Iceland,1999,40.02460098
1668,India,1999,
1669,Indonesia,1999,14.74929047
1670,Iraq,1999,11.65211964
1671,Ireland,1999,43.62485123
1672,Italy,1999,48.26194
1673,Japan,1999,46.63021851
1674,Jordan,1999,
1675,Kenya,1999,
1676,"Korea, Rep.",1999,73.90223694
1677,Kuwait,1999,24.93748093
1678,Lao PDR,1999,2.347069979
1679,Latvia,1999,50.90653992
1680,Lebanon,1999,37.66897964
1681,Lesotho,1999,2.1408998969999997
1682,Libya,1999,52.59170151
1683,Luxembourg,1999,10.05673981
1684,"Macedonia, FYR",1999,21.93885994
1685,Madagascar,1999,2.128089905
1686,Malawi,1999,0.304580003
1687,Malaysia,1999,22.74404907
1688,Mali,1999,1.868780017
1689,Malta,1999,23.39468002
1690,Mauritania,1999,4.047699928
1691,Mauritius,1999,9.969969749
1692,Mongolia,1999,26.91085052
1693,Mozambique,1999,0.622479975
1694,Myanmar,1999,
1695,Nepal,1999,
1696,Netherlands,1999,50.34051895
1697,New Zealand,1999,64.92204285
1698,Nicaragua,1999,
1699,Niger,1999,
1700,Nigeria,1999,6.083089827999999
1701,Norway,1999,66.42739105
1702,Oman,1999,
1703,Panama,1999,38.230819700000005
1704,Papua New Guinea,1999,1.894240022
1705,Paraguay,1999,13.16331959
1706,Peru,1999,39.01937103
1707,Philippines,1999,28.73633957
1708,Poland,1999,45.74129868
1709,Portugal,1999,45.13317871
1710,Qatar,1999,25.18577003
1711,Romania,1999,21.42004013
1712,Russian Federation,1999,
1713,Rwanda,1999,
1714,Saudi Arabia,1999,
1715,Senegal,1999,
1716,Sierra Leone,1999,
1717,Slovenia,1999,
1718,Spain,1999,
1719,Sri Lanka,1999,
1720,St. Kitts and Nevis,1999,
1721,St. Lucia,1999,
1722,Suriname,1999,
1723,Swaziland,1999,
1724,Sweden,1999,
1725,Switzerland,1999,
1726,Syrian Arab Republic,1999,
1727,Tanzania,1999,
1728,Thailand,1999,
1729,Tonga,1999,
1730,Trinidad and Tobago,1999,
1731,Tunisia,1999,
1732,Turkey,1999,
1733,Uganda,1999,
1734,Ukraine,1999,
1735,United Arab Emirates,1999,
1736,United Kingdom,1999,
1737,United States,1999,
1738,"Venezuela, RB",1999,
1739,Zimbabwe,1999,
1740,Albania,2000,15.6037302
1741,Argentina,2000,53.17573929
1742,Australia,2000,67.03890991
1743,Austria,2000,56.57257843
1744,"Bahamas, The",2000,
1745,Bahrain,2000,
1746,Bangladesh,2000,5.445340157
1747,Barbados,2000,40.58102036
1748,Belarus,2000,54.61008072
1749,Belgium,2000,57.5497818
1750,Benin,2000,3.681040049
1751,Botswana,2000,6.879330157999999
1752,Bulgaria,2000,44.49129868
1753,Burkina Faso,2000,
1754,Burundi,2000,1.157400012
1755,Cambodia,2000,2.473340034
1756,Cameroon,2000,4.614449978000001
1757,Central African Republic,2000,1.862100005
1758,Chad,2000,0.831040025
1759,Chile,2000,37.14741898
1760,China,2000,7.720479965
1761,Colombia,2000,23.19449997
1762,"Congo, Dem. Rep.",2000,
1763,"Congo, Rep.",2000,5.1889801030000005
1764,Costa Rica,2000,
1765,Cote d'Ivoire,2000,
1766,Cuba,2000,22.36265945
1767,Cyprus,2000,19.56232071
1768,Czech Republic,2000,28.4217701
1769,Denmark,2000,57.249298100000004
1770,Dominica,2000,
1771,Ecuador,2000,
1772,"Egypt, Arab Rep.",2000,
1773,El Salvador,2000,21.63936043
1774,Fiji,2000,
1775,Finland,2000,82.43907166
1776,France,2000,54.42876053
1777,Greece,2000,51.51860046
1778,Guatemala,2000,
1779,Guinea,2000,
1780,Guyana,2000,
1781,Honduras,2000,13.81764984
1782,Hungary,2000,35.93188095
1783,Iceland,2000,45.48106003
1784,India,2000,9.547439575
1785,Indonesia,2000,14.87967968
1786,Iraq,2000,12.08990955
1787,Ireland,2000,46.23575974
1788,Italy,2000,49.3512001
1789,Japan,2000,48.7365303
1790,Jordan,2000,28.31962013
1791,Kenya,2000,2.747859955
1792,"Korea, Rep.",2000,78.43615723
1793,Kuwait,2000,
1794,Lao PDR,2000,2.686769962
1795,Latvia,2000,56.63658142
1796,Lebanon,2000,38.30614853
1797,Lesotho,2000,2.314429998
1798,Libya,2000,48.83058167
1799,Luxembourg,2000,9.814339638
1800,"Macedonia, FYR",2000,22.7719593
1801,Madagascar,2000,2.185129881
1802,Malawi,2000,0.33311998800000003
1803,Malaysia,2000,25.74225998
1804,Mali,2000,1.9174400569999999
1805,Malta,2000,21.3517704
1806,Mauritania,2000,
1807,Mauritius,2000,11.03147984
1808,Mongolia,2000,30.17597961
1809,Mozambique,2000,
1810,Myanmar,2000,
1811,Nepal,2000,4.222229958
1812,Netherlands,2000,53.00037003
1813,New Zealand,2000,66.19217682
1814,Nicaragua,2000,
1815,Niger,2000,
1816,Nigeria,2000,
1817,Norway,2000,69.34229279
1818,Oman,2000,
1819,Panama,2000,41.33757019
1820,Papua New Guinea,2000,
1821,Paraguay,2000,15.94626045
1822,Peru,2000,34.59746933
1823,Philippines,2000,
1824,Poland,2000,50.49322891
1825,Portugal,2000,48.07350159
1826,Qatar,2000,
1827,Romania,2000,24.02647972
1828,Russian Federation,2000,
1829,Rwanda,2000,
1830,Saudi Arabia,2000,
1831,Senegal,2000,
1832,Sierra Leone,2000,
1833,Slovenia,2000,
1834,Spain,2000,
1835,Sri Lanka,2000,
1836,St. Kitts and Nevis,2000,
1837,St. Lucia,2000,
1838,Suriname,2000,
1839,Swaziland,2000,
1840,Sweden,2000,
1841,Switzerland,2000,
1842,Syrian Arab Republic,2000,
1843,Tanzania,2000,
1844,Thailand,2000,
1845,Tonga,2000,
1846,Trinidad and Tobago,2000,
1847,Tunisia,2000,
1848,Turkey,2000,
1849,Uganda,2000,
1850,Ukraine,2000,
1851,United Arab Emirates,2000,
1852,United Kingdom,2000,
1853,United States,2000,
1854,"Venezuela, RB",2000,
1855,Zimbabwe,2000,
1856,Albania,2001,15.97496033
1857,Argentina,2001,58.33248901
1858,Australia,2001,67.00505066
1859,Austria,2001,56.80604172
1860,"Bahamas, The",2001,
1861,Bahrain,2001,
1862,Bangladesh,2001,6.426919937
1863,Barbados,2001,39.82331848
1864,Belarus,2001,56.89664841
1865,Belgium,2001,58.24526978
1866,Benin,2001,4.464389801
1867,Botswana,2001,7.430200099999999
1868,Bulgaria,2001,43.01794052
1869,Burkina Faso,2001,1.156659961
1870,Burundi,2001,1.127009988
1871,Cambodia,2001,2.372580051
1872,Cameroon,2001,4.628930092
1873,Central African Republic,2001,
1874,Chad,2001,0.8252900240000001
1875,Chile,2001,
1876,China,2001,9.951310158
1877,Colombia,2001,23.92045975
1878,"Congo, Dem. Rep.",2001,
1879,"Congo, Rep.",2001,4.343570232
1880,Costa Rica,2001,
1881,Cote d'Ivoire,2001,
1882,Cuba,2001,25.57953072
1883,Cyprus,2001,21.61252022
1884,Czech Republic,2001,30.05195045
1885,Denmark,2001,60.02825928
1886,Dominica,2001,
1887,Ecuador,2001,
1888,"Egypt, Arab Rep.",2001,29.579759600000003
1889,El Salvador,2001,20.78668976
1890,Fiji,2001,
1891,Finland,2001,84.43052673
1892,France,2001,54.37136078
1893,Greece,2001,59.19155121
1894,Guatemala,2001,
1895,Guinea,2001,
1896,Guyana,2001,
1897,Honduras,2001,
1898,Hungary,2001,39.6877594
1899,Iceland,2001,47.63999176
1900,India,2001,9.73581028
1901,Indonesia,2001,14.18721008
1902,Iraq,2001,
1903,Ireland,2001,47.65882111
1904,Italy,2001,52.27930832
1905,Japan,2001,49.91418839
1906,Jordan,2001,
1907,Kenya,2001,2.815229893
1908,"Korea, Rep.",2001,82.47044373
1909,Kuwait,2001,23.91443062
1910,Lao PDR,2001,3.099319935
1911,Latvia,2001,63.30484009
1912,Lebanon,2001,43.40129852
1913,Lesotho,2001,2.5162699219999998
1914,Libya,2001,54.18032837
1915,Luxembourg,2001,10.21576977
1916,"Macedonia, FYR",2001,24.53260994
1917,Madagascar,2001,2.08039999
1918,Malawi,2001,0.373840004
1919,Malaysia,2001,25.04660988
1920,Mali,2001,2.055799961
1921,Malta,2001,25.16529083
1922,Mauritania,2001,3.38338995
1923,Mauritius,2001,17.10540962
1924,Mongolia,2001,34.20265961
1925,Mozambique,2001,
1926,Myanmar,2001,10.56917
1927,Nepal,2001,4.534770012
1928,Netherlands,2001,55.09716034
1929,New Zealand,2001,66.59294128
1930,Nicaragua,2001,
1931,Niger,2001,
1932,Nigeria,2001,
1933,Norway,2001,70.27973938
1934,Oman,2001,
1935,Panama,2001,40.83679962
1936,Papua New Guinea,2001,
1937,Paraguay,2001,17.92789078
1938,Peru,2001,31.18767929
1939,Philippines,2001,30.34026909
1940,Poland,2001,55.51588821
1941,Portugal,2001,50.81964111
1942,Qatar,2001,20.02565002
1943,Romania,2001,28.75435066
1944,Russian Federation,2001,
1945,Rwanda,2001,
1946,Saudi Arabia,2001,
1947,Senegal,2001,
1948,Sierra Leone,2001,
1949,Slovenia,2001,
1950,Spain,2001,
1951,Sri Lanka,2001,
1952,St. Kitts and Nevis,2001,
1953,St. Lucia,2001,
1954,Suriname,2001,
1955,Swaziland,2001,
1956,Sweden,2001,
1957,Switzerland,2001,
1958,Syrian Arab Republic,2001,
1959,Tanzania,2001,
1960,Thailand,2001,
1961,Tonga,2001,
1962,Trinidad and Tobago,2001,
1963,Tunisia,2001,
1964,Turkey,2001,
1965,Uganda,2001,
1966,Ukraine,2001,
1967,United Arab Emirates,2001,
1968,United Kingdom,2001,
1969,United States,2001,
1970,"Venezuela, RB",2001,
1971,Zimbabwe,2001,
1972,Albania,2002,16.43170929
1973,Argentina,2002,62.23300934
1974,Australia,2002,75.75243378
1975,Austria,2002,46.53516006
1976,"Bahamas, The",2002,
1977,Bahrain,2002,
1978,Bangladesh,2002,6.130790234
1979,Barbados,2002,
1980,Belarus,2002,59.36820984
1981,Belgium,2002,59.11626816
1982,Benin,2002,5.264689922
1983,Botswana,2002,7.757589817
1984,Bulgaria,2002,40.86594009
1985,Burkina Faso,2002,1.411880016
1986,Burundi,2002,1.762060046
1987,Cambodia,2002,2.482110023
1988,Cameroon,2002,5.055789948
1989,Central African Republic,2002,
1990,Chad,2002,
1991,Chile,2002,41.74811935
1992,China,2002,12.79104042
1993,Colombia,2002,23.96557045
1994,"Congo, Dem. Rep.",2002,
1995,"Congo, Rep.",2002,3.8817799089999996
1996,Costa Rica,2002,
1997,Cote d'Ivoire,2002,
1998,Cuba,2002,27.35268021
1999,Cyprus,2002,25.102289199999998
2000,Czech Republic,2002,34.52164841
2001,Denmark,2002,63.53427124
2002,Dominica,2002,
2003,Ecuador,2002,
2004,"Egypt, Arab Rep.",2002,30.53313065
2005,El Salvador,2002,21.49571037
2006,Fiji,2002,
2007,Finland,2002,84.95935059
2008,France,2002,53.37950897
2009,Greece,2002,66.81391144
2010,Guatemala,2002,8.796480179
2011,Guinea,2002,
2012,Guyana,2002,
2013,Honduras,2002,
2014,Hungary,2002,44.56143951
2015,Iceland,2002,54.05001831
2016,India,2002,10.22144985
2017,Indonesia,2002,14.81107044
2018,Iraq,2002,12.78602982
2019,Ireland,2002,49.87157059
2020,Italy,2002,54.94989014
2021,Japan,2002,50.70753098
2022,Jordan,2002,30.6953907
2023,Kenya,2002,2.8241600989999998
2024,"Korea, Rep.",2002,86.49107361
2025,Kuwait,2002,22.88462067
2026,Lao PDR,2002,4.16050005
2027,Latvia,2002,67.72492981
2028,Lebanon,2002,44.83935165
2029,Lesotho,2002,2.47954011
2030,Libya,2002,59.21342087
2031,Luxembourg,2002,11.85052013
2032,"Macedonia, FYR",2002,26.92806053
2033,Madagascar,2002,2.156359911
2034,Malawi,2002,0.40209001299999997
2035,Malaysia,2002,27.40694046
2036,Mali,2002,2.068969965
2037,Malta,2002,24.65608978
2038,Mauritania,2002,2.974679947
2039,Mauritius,2002,15.84506989
2040,Mongolia,2002,35.79769897
2041,Mozambique,2002,
2042,Myanmar,2002,
2043,Nepal,2002,5.247310162
2044,Netherlands,2002,56.18806839
2045,New Zealand,2002,67.27667999
2046,Nicaragua,2002,17.73031998
2047,Niger,2002,
2048,Nigeria,2002,
2049,Norway,2002,73.37283325
2050,Oman,2002,
2051,Panama,2002,40.41368866
2052,Papua New Guinea,2002,
2053,Paraguay,2002,26.31949043
2054,Peru,2002,31.58625031
2055,Philippines,2002,30.16803932
2056,Poland,2002,58.22227859
2057,Portugal,2002,53.06124878
2058,Qatar,2002,16.83905029
2059,Romania,2002,32.618251799999996
2060,Russian Federation,2002,
2061,Rwanda,2002,
2062,Saudi Arabia,2002,
2063,Senegal,2002,
2064,Sierra Leone,2002,
2065,Slovenia,2002,
2066,Spain,2002,
2067,Sri Lanka,2002,
2068,St. Kitts and Nevis,2002,
2069,St. Lucia,2002,
2070,Suriname,2002,
2071,Swaziland,2002,
2072,Sweden,2002,
2073,Switzerland,2002,
2074,Syrian Arab Republic,2002,
2075,Tanzania,2002,
2076,Thailand,2002,
2077,Tonga,2002,
2078,Trinidad and Tobago,2002,
2079,Tunisia,2002,
2080,Turkey,2002,
2081,Uganda,2002,
2082,Ukraine,2002,
2083,United Arab Emirates,2002,
2084,United Kingdom,2002,
2085,United States,2002,
2086,"Venezuela, RB",2002,
2087,Zimbabwe,2002,
2088,Albania,2003,16.80555916
2089,Argentina,2003,64.80724335
2090,Australia,2003,73.39425659
2091,Austria,2003,46.42351913
2092,"Bahamas, The",2003,
2093,Bahrain,2003,27.94310951
2094,Bangladesh,2003,6.177800179
2095,Barbados,2003,
2096,Belarus,2003,62.12060928
2097,Belgium,2003,59.86478043
2098,Benin,2003,5.819910049
2099,Botswana,2003,9.00992012
2100,Bulgaria,2003,41.52048111
2101,Burkina Faso,2003,1.601390004
2102,Burundi,2003,
2103,Cambodia,2003,2.909739971
2104,Cameroon,2003,5.090799809
2105,Central African Republic,2003,
2106,Chad,2003,0.922919989
2107,Chile,2003,44.59429169
2108,China,2003,15.63580036
2109,Colombia,2003,
2110,"Congo, Dem. Rep.",2003,
2111,"Congo, Rep.",2003,3.885360003
2112,Costa Rica,2003,
2113,Cote d'Ivoire,2003,
2114,Cuba,2003,33.14498901
2115,Cyprus,2003,31.9636097
2116,Czech Republic,2003,37.09241104
2117,Denmark,2003,67.53456116
2118,Dominica,2003,
2119,Ecuador,2003,
2120,"Egypt, Arab Rep.",2003,27.35322952
2121,El Salvador,2003,22.12166023
2122,Fiji,2003,15.77713013
2123,Finland,2003,87.07688141
2124,France,2003,54.81666183
2125,Greece,2003,72.29617309999999
2126,Guatemala,2003,
2127,Guinea,2003,
2128,Guyana,2003,7.854829787999999
2129,Honduras,2003,17.00469971
2130,Hungary,2003,52.28739929
2131,Iceland,2003,62.17449951
2132,India,2003,10.67383957
2133,Indonesia,2003,16.02807999
2134,Iraq,2003,
2135,Ireland,2003,51.29365921
2136,Italy,2003,58.14881897
2137,Japan,2003,51.8357811
2138,Jordan,2003,34.330928799999995
2139,Kenya,2003,
2140,"Korea, Rep.",2003,89.26271057
2141,Kuwait,2003,21.38511086
2142,Lao PDR,2003,4.948019981
2143,Latvia,2003,72.41555786
2144,Lebanon,2003,42.9475708
2145,Lesotho,2003,2.957540035
2146,Libya,2003,61.13713074
2147,Luxembourg,2003,12.18566036
2148,"Macedonia, FYR",2003,27.20605087
2149,Madagascar,2003,2.369689941
2150,Malawi,2003,0.41163998799999996
2151,Malaysia,2003,30.52710915
2152,Mali,2003,
2153,Malta,2003,30.45862007
2154,Mauritania,2003,3.16189003
2155,Mauritius,2003,16.5542202
2156,Mongolia,2003,37.98134995
2157,Mozambique,2003,
2158,Myanmar,2003,
2159,Nepal,2003,5.327620029
2160,Netherlands,2003,56.79526901
2161,New Zealand,2003,68.98010254
2162,Nicaragua,2003,
2163,Niger,2003,0.95964998
2164,Nigeria,2003,9.640780449
2165,Norway,2003,79.1078186
2166,Oman,2003,
2167,Panama,2003,44.26295853
2168,Papua New Guinea,2003,
2169,Paraguay,2003,25.02930069
2170,Peru,2003,31.57567978
2171,Philippines,2003,29.05920029
2172,Poland,2003,59.46221924
2173,Portugal,2003,54.9695816
2174,Qatar,2003,15.33668041
2175,Romania,2003,37.60491943
2176,Russian Federation,2003,
2177,Rwanda,2003,
2178,Saudi Arabia,2003,
2179,Senegal,2003,
2180,Sierra Leone,2003,
2181,Slovenia,2003,
2182,Spain,2003,
2183,Sri Lanka,2003,
2184,St. Kitts and Nevis,2003,
2185,St. Lucia,2003,
2186,Suriname,2003,
2187,Swaziland,2003,
2188,Sweden,2003,
2189,Switzerland,2003,
2190,Syrian Arab Republic,2003,
2191,Tanzania,2003,
2192,Thailand,2003,
2193,Tonga,2003,
2194,Trinidad and Tobago,2003,
2195,Tunisia,2003,
2196,Turkey,2003,
2197,Uganda,2003,
2198,Ukraine,2003,
2199,United Arab Emirates,2003,
2200,United Kingdom,2003,
2201,United States,2003,
2202,"Venezuela, RB",2003,
2203,Zimbabwe,2003,
2204,Albania,2004,20.05554008
2205,Argentina,2004,65.23638916
2206,Australia,2004,71.69843292
2207,Austria,2004,47.20038986
2208,"Bahamas, The",2004,
2209,Bahrain,2004,
2210,Bangladesh,2004,5.694300175
2211,Barbados,2004,
2212,Belarus,2004,64.34111786
2213,Belgium,2004,61.24803162
2214,Benin,2004,5.872039795
2215,Botswana,2004,9.492659569
2216,Bulgaria,2004,41.93650818
2217,Burkina Faso,2004,
2218,Burundi,2004,2.282619953
2219,Cambodia,2004,2.808900118
2220,Cameroon,2004,5.0587902069999995
2221,Central African Republic,2004,1.7015500069999998
2222,Chad,2004,1.206529975
2223,Chile,2004,44.75780869
2224,China,2004,17.91102982
2225,Colombia,2004,26.61447906
2226,"Congo, Dem. Rep.",2004,
2227,"Congo, Rep.",2004,
2228,Costa Rica,2004,27.28141975
2229,Cote d'Ivoire,2004,
2230,Cuba,2004,54.39498138
2231,Cyprus,2004,35.86368942
2232,Czech Republic,2004,43.82500076
2233,Denmark,2004,74.43656921
2234,Dominica,2004,
2235,Ecuador,2004,
2236,"Egypt, Arab Rep.",2004,28.53964043
2237,El Salvador,2004,22.77890968
2238,Fiji,2004,15.95223045
2239,Finland,2004,89.66361237
2240,France,2004,55.21836089999999
2241,Greece,2004,78.48364258
2242,Guatemala,2004,
2243,Guinea,2004,2.140660048
2244,Guyana,2004,11.70956993
2245,Honduras,2004,17.05581093
2246,Hungary,2004,60.15528107
2247,Iceland,2004,68.41223907
2248,India,2004,10.98427963
2249,Indonesia,2004,16.61841011
2250,Iraq,2004,15.93052959
2251,Ireland,2004,53.71910095
2252,Italy,2004,61.81431961
2253,Japan,2004,53.57675934
2254,Jordan,2004,38.78591156
2255,Kenya,2004,2.9214499
2256,"Korea, Rep.",2004,91.02323914
2257,Kuwait,2004,20.36401939
2258,Lao PDR,2004,5.7636199
2259,Latvia,2004,77.2820282
2260,Lebanon,2004,43.48907852
2261,Lesotho,2004,
2262,Libya,2004,
2263,Luxembourg,2004,
2264,"Macedonia, FYR",2004,27.66789055
2265,Madagascar,2004,2.7472600939999996
2266,Malawi,2004,0.48471999200000004
2267,Malaysia,2004,29.96435928
2268,Mali,2004,
2269,Malta,2004,26.84890938
2270,Mauritania,2004,3.1930499080000003
2271,Mauritius,2004,17.82250977
2272,Mongolia,2004,40.78588104
2273,Mozambique,2004,1.130789995
2274,Myanmar,2004,
2275,Nepal,2004,6.281119822999999
2276,Netherlands,2004,58.05326843
2277,New Zealand,2004,83.60092926
2278,Nicaragua,2004,
2279,Niger,2004,0.9305899740000001
2280,Nigeria,2004,9.853159904
2281,Norway,2004,79.26380157
2282,Oman,2004,
2283,Panama,2004,43.32154846
2284,Papua New Guinea,2004,
2285,Paraguay,2004,25.26810074
2286,Peru,2004,33.24757004
2287,Philippines,2004,28.34799004
2288,Poland,2004,60.71324158
2289,Portugal,2004,55.74679184
2290,Qatar,2004,17.27170944
2291,Romania,2004,41.4217186
2292,Russian Federation,2004,
2293,Rwanda,2004,
2294,Saudi Arabia,2004,
2295,Senegal,2004,
2296,Sierra Leone,2004,
2297,Slovenia,2004,
2298,Spain,2004,
2299,Sri Lanka,2004,
2300,St. Kitts and Nevis,2004,
2301,St. Lucia,2004,
2302,Suriname,2004,
2303,Swaziland,2004,
2304,Sweden,2004,
2305,Switzerland,2004,
2306,Syrian Arab Republic,2004,
2307,Tanzania,2004,
2308,Thailand,2004,
2309,Tonga,2004,
2310,Trinidad and Tobago,2004,
2311,Tunisia,2004,
2312,Turkey,2004,
2313,Uganda,2004,
2314,Ukraine,2004,
2315,United Arab Emirates,2004,
2316,United Kingdom,2004,
2317,United States,2004,
2318,"Venezuela, RB",2004,
2319,Zimbabwe,2004,
